City_ID,City,Country,Date,Lat,Lng,Max Temp,Humidity,Cloudiness,Wind Speed
0,Kapaa,US,2020-10-31 18:35:06,22.08,-159.32,75.2,83,1,5.82
1,Cape Town,ZA,2020-10-31 18:32:23,-33.93,18.42,64.4,59,0,18.34
2,Atuona,PF,2020-10-31 18:35:07,-9.8,-139.03,78.35,75,10,18.9
3,Albany,US,2020-10-31 18:31:22,42.6,-73.97,44.01,68,0,5.39
4,Mahebourg,MU,2020-10-31 18:35:07,-20.41,57.7,68.0,77,20,6.93
5,Jamestown,US,2020-10-31 18:35:08,42.1,-79.24,43.0,69,90,13.87
6,General Roca,AR,2020-10-31 18:31:09,-39.03,-67.58,86.0,19,0,11.41
7,Villarrica,PY,2020-10-31 18:35:08,-25.75,-56.43,83.16,40,0,9.53
8,Muscat,OM,2020-10-31 18:32:00,23.61,58.59,75.2,69,0,5.82
9,Katsuura,JP,2020-10-31 18:30:24,35.13,140.3,51.8,76,0,9.17
10,Thompson,CA,2020-10-31 18:35:09,55.74,-97.86,17.6,72,90,16.11
11,Mataura,NZ,2020-10-31 18:32:44,-46.19,168.86,48.99,77,8,5.01
12,Rikitea,PF,2020-10-31 18:35:10,-23.12,-134.97,75.22,70,0,7.52
13,Mazara Del Vallo,IT,2020-10-31 18:35:10,37.66,12.59,64.4,88,0,2.24
14,Butaritari,KI,2020-10-31 18:35:10,3.07,172.79,81.39,75,100,16.33
15,Vaini,TO,2020-10-31 18:35:10,-21.2,-175.2,73.4,88,75,9.17
16,Kahului,US,2020-10-31 18:31:11,20.89,-156.47,80.6,61,1,2.62
17,New Norfolk,AU,2020-10-31 18:35:11,-42.78,147.06,55.4,66,90,6.93
18,Huarmey,PE,2020-10-31 18:35:11,-10.07,-78.15,69.04,66,100,9.28
19,Port Hedland,AU,2020-10-31 18:35:11,-20.32,118.57,75.2,88,0,10.29
20,Busselton,AU,2020-10-31 18:35:12,-33.65,115.33,61.0,76,100,5.39
21,Gilgit,PK,2020-10-31 18:35:12,35.92,74.31,52.57,35,0,3.22
22,Almeirim,BR,2020-10-31 18:35:12,-1.52,-52.58,97.29,27,30,8.1
23,Provideniya,RU,2020-10-31 18:32:59,64.38,-173.3,21.15,87,99,6.71
24,Lewistown,US,2020-10-31 18:35:13,40.6,-77.57,44.6,56,90,3.36
25,Pangnirtung,CA,2020-10-31 18:33:32,66.15,-65.71,19.4,52,75,3.36
26,Pangkalanbuun,ID,2020-10-31 18:35:13,-2.68,111.62,73.58,98,75,1.52
27,Newtownards,GB,2020-10-31 18:35:13,54.59,-5.69,48.99,70,0,18.34
28,Zigong,CN,2020-10-31 18:35:14,29.34,104.78,59.05,76,100,3.8
29,Arraial Do Cabo,BR,2020-10-31 18:35:14,-22.97,-42.03,71.6,88,75,11.41
30,Hermanus,ZA,2020-10-31 18:35:15,-34.42,19.23,57.99,75,0,3.0
31,Esperance,AU,2020-10-31 18:33:35,-33.87,121.9,71.6,28,100,13.87
32,Mar Del Plata,AR,2020-10-31 18:34:42,-38.0,-57.56,66.2,59,0,14.99
33,Saraland,US,2020-10-31 18:35:16,30.82,-88.07,73.0,66,0,3.24
34,Capreol,CA,2020-10-31 18:30:31,46.71,-80.92,36.0,64,90,11.41
35,Kattivakkam,IN,2020-10-31 18:35:17,13.22,80.32,77.0,94,20,4.18
36,Sydney,AU,2020-10-31 18:34:31,-33.87,151.21,59.0,87,75,10.29
37,Necochea,AR,2020-10-31 18:35:17,-38.55,-58.74,65.68,50,0,9.04
38,Kaiwaka,NZ,2020-10-31 18:35:17,-36.17,174.45,61.0,95,81,1.99
39,Ushuaia,AR,2020-10-31 18:35:18,-54.8,-68.3,55.4,58,75,5.82
40,Pingliang,CN,2020-10-31 18:35:18,35.54,106.69,41.23,61,88,4.18
41,Bengkulu,ID,2020-10-31 18:35:18,-3.8,102.27,76.26,88,100,4.38
42,Airai,TL,2020-10-31 18:33:16,-8.93,125.41,59.97,74,4,2.06
43,Itoman,JP,2020-10-31 18:33:28,26.12,127.67,73.4,73,75,11.41
44,Broome,US,2020-10-31 18:35:19,42.25,-75.83,41.0,64,90,6.93
45,Camopi,GF,2020-10-31 18:35:20,3.17,-52.32,94.03,40,100,7.18
46,Constitucion,CL,2020-10-31 18:35:20,-35.33,-72.42,65.89,59,8,6.6
47,Puli,TW,2020-10-31 18:35:20,23.97,120.97,69.01,77,40,4.76
48,Arica,CL,2020-10-31 18:35:21,-18.48,-70.3,68.0,68,75,14.99
49,Hithadhoo,MV,2020-10-31 18:35:21,-0.6,73.08,83.64,71,100,8.12
50,Rio Grande,BR,2020-10-31 18:35:21,-32.03,-52.1,68.0,63,40,13.87
51,Penzance,GB,2020-10-31 18:35:22,50.12,-5.54,51.8,71,20,14.99
52,Virginia Beach,US,2020-10-31 18:34:14,36.85,-75.98,59.0,61,97,1.01
53,Marystown,CA,2020-10-31 18:34:01,47.17,-55.15,37.99,100,99,7.0
54,Mount Gambier,AU,2020-10-31 18:35:22,-37.83,140.77,44.6,93,90,2.68
55,Saint-Ambroise,CA,2020-10-31 18:35:23,48.55,-71.33,37.0,76,3,3.36
56,Vilhena,BR,2020-10-31 18:30:43,-12.74,-60.15,84.2,48,75,10.29
57,Hengshui,CN,2020-10-31 18:35:23,37.73,115.7,50.29,44,0,4.18
58,Saint-Philippe,RE,2020-10-31 18:33:03,-21.36,55.77,68.0,64,40,6.93
59,Jaque,PA,2020-10-31 18:35:24,7.52,-78.17,81.66,75,58,6.35
60,Alice Springs,AU,2020-10-31 18:31:02,-23.7,133.88,64.4,31,93,8.05
61,Makat,KZ,2020-10-31 18:35:25,47.65,53.35,52.39,47,81,16.4
62,Avarua,CK,2020-10-31 18:32:54,-21.21,-159.78,73.4,88,100,12.75
63,Klaksvik,FO,2020-10-31 18:32:53,62.23,-6.59,51.8,93,100,19.46
64,Altay,CN,2020-10-31 18:35:26,47.87,88.12,25.03,82,0,1.72
65,Qaanaaq,GL,2020-10-31 18:33:03,77.48,-69.36,10.56,84,97,7.14
66,Bathsheba,BB,2020-10-31 18:35:27,13.22,-59.52,84.2,79,40,19.46
67,Tuatapere,NZ,2020-10-31 18:33:14,-46.13,167.68,48.99,77,43,5.01
68,Kabin Buri,TH,2020-10-31 18:35:27,13.95,101.72,75.24,91,74,3.15
69,Yerbogachen,RU,2020-10-31 18:35:27,61.28,108.01,1.29,92,0,2.93
70,Ust-Kuyga,RU,2020-10-31 18:35:28,70.02,135.6,-3.15,91,100,5.53
71,Dunedin,NZ,2020-10-31 18:31:12,-45.87,170.5,51.01,74,3,4.0
72,Santarem,BR,2020-10-31 18:35:28,-2.44,-54.71,93.2,46,0,11.41
73,Dikson,RU,2020-10-31 18:35:29,73.51,80.55,17.29,97,100,13.31
74,Leningradskiy,RU,2020-10-31 18:32:58,69.38,178.42,18.03,91,57,9.95
75,Kloulklubed,PW,2020-10-31 18:35:29,7.04,134.26,82.4,74,90,4.7
76,Palora,EC,2020-10-31 18:35:30,-1.7,-77.93,77.0,83,90,9.17
77,Luwingu,ZM,2020-10-31 18:35:30,-10.26,29.93,74.64,32,100,0.78
78,Sistranda,NO,2020-10-31 18:35:30,63.73,8.83,48.2,66,0,25.28
79,Kruisfontein,ZA,2020-10-31 18:35:31,-34.0,24.73,63.0,79,53,7.43
80,Torbay,CA,2020-10-31 18:35:16,47.67,-52.73,37.0,74,90,12.75
81,Tautira,PF,2020-10-31 18:35:32,-17.73,-149.15,82.4,65,20,4.7
82,Adrar,MR,2020-10-31 18:35:32,20.5,-10.07,87.39,13,100,9.82
83,Klyuchi,RU,2020-10-31 18:30:39,52.27,79.17,32.09,96,0,5.97
84,Ahipara,NZ,2020-10-31 18:33:18,-35.17,173.17,63.43,93,42,4.0
85,Bethel,US,2020-10-31 18:35:33,41.37,-73.41,45.0,41,1,3.36
86,Tecoanapa,MX,2020-10-31 18:35:33,16.52,-98.75,85.28,65,43,8.39
87,Kuvshinovo,RU,2020-10-31 18:35:33,57.03,34.17,43.21,87,100,6.22
88,Morondava,MG,2020-10-31 18:35:34,-20.28,44.28,79.27,70,90,9.89
89,Punta Arenas,CL,2020-10-31 18:35:34,-53.15,-70.92,55.4,62,75,6.93
90,Naze,JP,2020-10-31 18:33:22,28.37,129.48,68.0,77,23,3.36
91,Muros,ES,2020-10-31 18:33:20,42.78,-9.06,64.0,89,100,11.99
92,Novobessergenevka,RU,2020-10-31 18:35:35,47.18,38.85,55.06,80,35,19.93
93,Namatanai,PG,2020-10-31 18:35:35,-3.67,152.43,80.17,79,37,6.29
94,Taihe,CN,2020-10-31 18:35:35,30.87,105.38,57.6,68,100,3.8
95,Cabo San Lucas,MX,2020-10-31 18:35:36,22.89,-109.91,84.99,61,40,11.41
96,Puerto Ayora,EC,2020-10-31 18:35:36,-0.74,-90.35,77.0,69,75,9.17
97,Ponta Do Sol,PT,2020-10-31 18:35:37,32.67,-17.1,73.0,83,20,11.41
98,Kaitangata,NZ,2020-10-31 18:35:37,-46.28,169.85,51.01,65,9,4.0
99,Codrington,AU,2020-10-31 18:33:44,-38.27,141.97,45.97,90,36,3.42
100,Tuktoyaktuk,CA,2020-10-31 18:32:53,69.45,-133.04,-4.0,83,40,4.7
101,Basco,PH,2020-10-31 18:35:38,20.45,121.97,77.76,71,81,25.61
102,Devils Lake,US,2020-10-31 18:35:38,48.11,-98.87,36.0,59,90,35.57
103,Port Elizabeth,ZA,2020-10-31 18:35:38,-33.92,25.57,64.4,77,90,4.7
104,Miraflores,MX,2020-10-31 18:35:39,19.22,-98.81,71.6,40,5,2.24
105,Bredasdorp,ZA,2020-10-31 18:32:54,-34.53,20.04,57.2,71,0,6.93
106,Luderitz,NA,2020-10-31 18:35:39,-26.65,15.16,66.88,45,0,24.0
107,Moussoro,TD,2020-10-31 18:35:39,13.64,16.49,87.53,16,0,13.94
108,Tilichiki,RU,2020-10-31 18:35:40,60.47,166.1,24.76,98,99,6.29
109,Fort Nelson,CA,2020-10-31 18:35:40,58.81,-122.7,17.6,92,75,3.36
110,Ribeira Grande,PT,2020-10-31 18:33:05,38.52,-28.7,69.8,94,75,18.34
111,Guaratuba,BR,2020-10-31 18:35:41,-25.88,-48.57,71.6,68,75,8.05
112,Kamenka,RU,2020-10-31 18:35:41,51.32,42.77,49.06,93,100,10.36
113,Promyshlennyy,RU,2020-10-31 18:35:42,67.58,63.92,31.89,99,100,19.35
114,Richards Bay,ZA,2020-10-31 18:33:23,-28.78,32.04,66.11,86,100,7.74
115,Poum,NC,2020-10-31 18:35:42,-20.23,164.02,77.22,80,0,22.53
116,Port Augusta,AU,2020-10-31 18:35:43,-32.5,137.77,55.4,82,0,5.82
117,Chumikan,RU,2020-10-31 18:33:14,54.72,135.31,33.12,95,100,27.02
118,Faanui,PF,2020-10-31 18:35:43,-16.48,-151.75,78.82,74,30,20.47
119,Papara,BR,2020-10-31 18:35:44,-3.98,-38.73,86.0,66,20,14.99
120,Lebu,CL,2020-10-31 18:35:44,-37.62,-73.65,59.92,65,0,9.84
121,Cherskiy,RU,2020-10-31 18:35:44,68.75,161.3,8.06,88,86,3.42
122,Evensk,RU,2020-10-31 18:35:44,61.95,159.23,21.99,92,97,11.5
123,Zambezi,ZM,2020-10-31 18:35:45,-13.54,23.1,77.07,27,42,4.74
124,Beringovskiy,RU,2020-10-31 18:33:57,63.05,179.32,18.91,94,100,11.52
125,Fuyang,CN,2020-10-31 18:35:46,32.9,115.82,59.85,71,31,5.41
126,Paamiut,GL,2020-10-31 18:35:46,61.99,-49.67,28.13,89,73,15.46
127,Okha,RU,2020-10-31 18:35:46,53.57,142.95,34.99,88,100,8.19
128,Hilo,US,2020-10-31 18:35:46,19.73,-155.09,81.0,61,1,6.93
129,Nanortalik,GL,2020-10-31 18:33:28,60.14,-45.24,28.2,89,52,18.52
130,Hofn,IS,2020-10-31 18:35:47,64.25,-15.21,42.66,79,100,11.21
131,Carnarvon,AU,2020-10-31 18:35:47,-24.87,113.63,69.8,83,40,8.05
132,Muzhi,RU,2020-10-31 18:35:48,65.37,64.67,29.55,94,0,13.15
133,Chekmagush,RU,2020-10-31 18:35:48,55.13,54.66,39.97,84,100,5.99
134,Laje,BR,2020-10-31 18:35:48,-10.18,-40.97,86.43,42,65,3.2
135,Xiaolan,CN,2020-10-31 18:35:49,22.67,113.23,72.0,84,0,4.23
136,Fortuna,US,2020-10-31 18:35:49,40.6,-124.16,55.99,71,1,5.88
137,Kavaratti,IN,2020-10-31 18:35:49,10.57,72.64,82.56,66,0,2.55
138,Castro,BR,2020-10-31 18:35:50,-24.79,-50.01,60.67,77,96,8.21
139,San Patricio,US,2020-10-31 18:35:50,28.02,-97.52,78.01,50,40,3.69
140,Havre-Saint-Pierre,CA,2020-10-31 18:35:50,50.23,-63.6,30.2,68,0,25.28
141,Portland,US,2020-10-31 18:32:51,45.52,-122.68,50.0,75,20,5.82
142,Saskylakh,RU,2020-10-31 18:33:14,71.92,114.08,-5.17,83,2,6.38
143,Sao Joao Da Barra,BR,2020-10-31 18:33:54,-21.64,-41.05,71.6,94,90,20.8
144,Yellowknife,CA,2020-10-31 18:35:51,62.46,-114.35,19.99,92,90,17.22
145,Clyde River,CA,2020-10-31 18:35:52,70.47,-68.59,14.0,92,90,12.75
146,Ueno,JP,2020-10-31 18:35:52,34.75,136.13,53.01,80,97,3.36
147,Tocopilla,CL,2020-10-31 18:35:52,-22.09,-70.2,68.36,49,21,8.81
148,Sigiriya,LK,2020-10-31 18:35:52,7.95,80.74,74.44,86,100,2.01
149,Severnoye,RU,2020-10-31 18:35:53,56.35,78.36,31.91,97,99,11.36
150,Palmer,US,2020-10-31 18:35:53,42.16,-72.33,43.0,69,20,3.74
151,Pafos,CY,2020-10-31 18:35:54,34.77,32.42,66.2,72,40,4.7
152,Iqaluit,CA,2020-10-31 18:34:02,63.75,-68.51,19.4,79,90,4.7
153,Barrow,US,2020-10-31 18:35:55,71.29,-156.79,24.8,73,90,3.36
154,Elliot Lake,CA,2020-10-31 18:35:55,46.38,-82.63,39.2,64,90,24.16
155,Prainha,BR,2020-10-31 18:35:56,-1.8,-53.48,97.52,26,0,8.28
156,Moranbah,AU,2020-10-31 18:35:56,-22.0,148.05,68.58,39,0,2.17
157,Mehamn,NO,2020-10-31 18:35:57,71.04,27.85,33.4,94,100,12.73
158,Santa Cruz,BO,2020-10-31 18:35:57,-17.8,-63.17,89.6,24,20,18.34
159,Hobart,AU,2020-10-31 18:34:57,-42.88,147.33,55.4,66,90,6.93
160,Prospect,AU,2020-10-31 18:35:58,-34.88,138.59,48.0,87,20,3.36
161,Kodiak,US,2020-10-31 18:35:59,57.79,-152.41,32.0,87,1,4.7
162,Vardo,NO,2020-10-31 18:35:59,70.37,31.11,35.94,84,100,18.23
163,Coquimbo,CL,2020-10-31 18:36:00,-29.95,-71.34,59.0,77,40,11.41
164,Seoul,KR,2020-10-31 18:34:50,37.57,126.98,59.0,62,90,9.15
165,Georgetown,MY,2020-10-31 18:33:30,5.41,100.34,75.2,94,20,4.7
166,Avera,US,2020-10-31 18:36:01,33.19,-82.53,62.6,59,90,6.93
167,Lipno,PL,2020-10-31 18:36:01,52.84,19.18,44.01,93,100,1.99
168,Sandy Bay,AU,2020-10-31 18:36:01,-42.91,147.35,55.4,66,90,6.93
169,Gari,RU,2020-10-31 18:36:05,59.43,62.35,34.9,96,100,7.4
170,Guasave,MX,2020-10-31 18:36:05,25.57,-108.45,90.0,35,6,1.01
171,Kota Kinabalu,MY,2020-10-31 18:36:06,5.97,116.07,75.2,94,20,3.36
172,Sakakah,SA,2020-10-31 18:36:06,29.97,40.21,77.0,12,0,5.82
173,Guerrero Negro,MX,2020-10-31 18:36:07,27.98,-114.06,79.3,33,100,6.22
174,Khatanga,RU,2020-10-31 18:36:07,71.97,102.5,-7.8,87,57,7.02
175,Severo-Kurilsk,RU,2020-10-31 18:36:07,50.68,156.12,42.53,73,91,21.83
176,Upernavik,GL,2020-10-31 18:33:10,72.79,-56.15,16.57,95,100,13.44
177,Chicama,PE,2020-10-31 18:36:08,-7.84,-79.15,62.6,82,90,10.29
178,Sitka,US,2020-10-31 18:36:09,57.05,-135.33,50.0,93,90,20.8
179,Napoleon,US,2020-10-31 18:36:09,41.39,-84.13,51.8,55,1,11.41
180,Pacific Grove,US,2020-10-31 18:36:09,36.62,-121.92,69.8,48,1,3.36
181,Norman Wells,CA,2020-10-31 18:32:51,65.28,-126.83,-0.4,84,20,3.36
182,Nikolskoye,RU,2020-10-31 18:33:02,59.7,30.79,39.99,82,98,4.47
183,Leshukonskoye,RU,2020-10-31 18:33:05,64.9,45.76,30.42,97,0,5.64
184,Hovd,MN,2020-10-31 18:36:11,48.01,91.64,26.58,85,0,1.66
185,Maningrida,AU,2020-10-31 18:36:12,-12.07,134.27,78.28,78,0,4.79
186,Mahibadhoo,MV,2020-10-31 18:36:12,3.78,72.97,82.4,72,4,3.65
187,Mitchell,US,2020-10-31 18:36:12,43.71,-98.03,59.0,41,1,23.04
188,Odweyne,SO,2020-10-31 18:36:13,9.41,45.06,74.46,61,2,4.47
189,Reims,FR,2020-10-31 18:36:13,49.17,4.08,60.8,72,75,11.41
190,Bambous Virieux,MU,2020-10-31 18:36:14,-20.34,57.76,68.0,77,20,6.93
191,Haines Junction,CA,2020-10-31 18:36:14,60.75,-137.51,14.0,72,100,1.12
192,Shelburne,CA,2020-10-31 18:36:15,44.08,-80.2,43.0,62,17,14.29
193,Cidreira,BR,2020-10-31 18:32:52,-30.18,-50.21,66.88,63,100,10.02
194,Saldanha,ZA,2020-10-31 18:36:15,-33.01,17.94,62.6,63,0,11.41
195,Chokurdakh,RU,2020-10-31 18:36:16,70.63,147.92,-5.33,92,97,7.99
196,Opunake,NZ,2020-10-31 18:36:16,-39.46,173.86,54.0,94,78,1.01
197,Ilulissat,GL,2020-10-31 18:36:16,69.22,-51.1,19.4,67,75,6.93
198,Kodinsk,RU,2020-10-31 18:33:53,58.69,99.18,5.32,93,0,1.36
199,Svelgen,NO,2020-10-31 18:36:17,61.77,5.3,57.2,53,54,24.16
200,Kidal,ML,2020-10-31 18:36:17,18.44,1.41,83.1,15,88,11.12
201,Vestmannaeyjar,IS,2020-10-31 18:36:17,63.44,-20.27,44.6,70,20,12.75
202,Plouzane,FR,2020-10-31 18:36:18,48.38,-4.62,53.6,71,0,11.41
203,Muisne,EC,2020-10-31 18:36:18,0.6,-80.03,84.2,74,75,11.41
204,Svobodnyy,RU,2020-10-31 18:36:18,51.4,128.13,34.18,98,100,6.55
205,Galle,LK,2020-10-31 18:33:49,6.04,80.22,79.43,81,100,5.46
206,Sisimiut,GL,2020-10-31 18:36:20,66.94,-53.67,20.52,95,100,6.82
207,Luziania,BR,2020-10-31 18:34:01,-16.25,-47.95,73.4,78,75,11.41
208,Dingle,PH,2020-10-31 18:36:21,11.0,122.67,75.74,82,100,5.73
209,Buchanan,LR,2020-10-31 18:36:21,5.88,-10.05,78.87,85,100,6.24
210,Santa Isabel Do Rio Negro,BR,2020-10-31 18:36:22,-0.41,-65.02,89.11,60,93,2.06
211,Samana,DO,2020-10-31 18:36:23,19.21,-69.34,84.2,83,75,13.87
212,Buraydah,SA,2020-10-31 18:36:24,26.33,43.98,71.6,28,0,4.7
213,Nargana,PA,2020-10-31 18:36:24,9.44,-78.59,84.65,72,100,6.24
214,Te Anau,NZ,2020-10-31 18:36:25,-45.42,167.72,48.92,73,45,6.22
215,Singaparna,ID,2020-10-31 18:36:26,-7.35,108.11,71.31,90,88,0.98
216,Maradi,NE,2020-10-31 18:36:26,13.5,7.1,89.6,27,0,4.7
217,San Policarpo,PH,2020-10-31 18:36:26,12.18,125.51,81.52,80,100,18.7
218,Jardim,BR,2020-10-31 18:34:27,-21.48,-56.14,83.73,52,59,7.29
219,Venado Tuerto,AR,2020-10-31 18:36:28,-33.75,-61.97,80.01,33,0,5.01
220,Gombe,NG,2020-10-31 18:31:37,10.29,11.17,82.58,26,0,6.96
221,Yueyang,CN,2020-10-31 18:36:29,29.33,113.09,59.88,94,100,5.57
222,Waingapu,ID,2020-10-31 18:36:29,-9.66,120.26,80.02,74,100,1.21
223,Springbok,ZA,2020-10-31 18:31:36,-29.66,17.89,64.04,28,0,8.9
224,Victoria,HK,2020-10-31 18:36:30,22.29,114.16,73.0,78,97,3.0
225,Ajdabiya,LY,2020-10-31 18:36:30,30.76,20.23,69.13,57,15,12.88
226,Pangai,TO,2020-10-31 18:36:31,-19.8,-174.35,75.2,88,75,20.8
227,Lingyuan,CN,2020-10-31 18:36:31,41.24,119.4,37.92,58,1,6.04
228,Nioro,GM,2020-10-31 18:36:32,13.35,-15.75,84.69,37,100,3.65
229,Sioux Lookout,CA,2020-10-31 18:36:32,50.1,-91.92,39.2,80,90,17.22
230,Conceicao Da Barra,BR,2020-10-31 18:36:33,-18.59,-39.73,72.23,92,100,6.15
231,Monroe,US,2020-10-31 18:34:01,43.15,-77.68,46.99,48,1,4.7
232,Tomohon,ID,2020-10-31 18:36:33,1.33,124.84,77.0,94,20,1.12
233,Mansa,IN,2020-10-31 18:36:34,29.98,75.38,64.36,22,0,3.83
234,Nizwa,OM,2020-10-31 18:36:34,22.93,57.53,63.3,32,0,1.32
235,Port Hardy,CA,2020-10-31 18:36:34,50.7,-127.42,46.4,87,75,2.24
236,Pangody,RU,2020-10-31 18:36:35,65.85,74.49,31.3,99,100,11.45
237,Maroantsetra,MG,2020-10-31 18:36:35,-15.43,49.73,69.71,80,100,6.71
238,Ancud,CL,2020-10-31 18:36:35,-41.87,-73.82,72.0,56,0,8.05
239,Bandarbeyla,SO,2020-10-31 18:33:22,9.49,50.81,77.61,82,37,12.82
240,Husavik,IS,2020-10-31 18:33:34,66.04,-17.34,37.4,74,0,5.82
241,Bourail,NC,2020-10-31 18:36:36,-21.57,165.48,73.58,77,0,7.43
242,Bubaque,GW,2020-10-31 18:36:37,11.28,-15.83,85.06,67,11,10.02
243,Taoudenni,ML,2020-10-31 18:36:37,22.68,-3.98,82.98,15,100,9.51
244,Pevek,RU,2020-10-31 18:36:37,69.7,170.31,13.19,96,91,10.49
245,Itarema,BR,2020-10-31 18:36:38,-2.92,-39.92,84.27,65,100,17.78
246,Saint George,US,2020-10-31 18:32:20,37.1,-113.58,57.2,24,1,0.76
247,Xiuyan,CN,2020-10-31 18:36:38,40.29,123.27,45.1,58,15,7.09
248,Bouillante,GP,2020-10-31 18:36:39,16.13,-61.77,86.0,62,20,13.87
249,Novikovo,RU,2020-10-31 18:36:39,51.15,37.89,52.63,92,100,16.51
250,Cobija,BO,2020-10-31 18:36:39,-11.03,-68.77,80.6,61,90,4.7
251,Gazojak,TM,2020-10-31 18:36:40,41.19,61.4,49.89,41,0,8.19
252,Ahuimanu,US,2020-10-31 18:36:40,21.44,-157.84,79.0,65,20,2.26
253,Carutapera,BR,2020-10-31 18:36:40,-1.2,-46.02,85.35,63,81,9.73
254,Shatrovo,RU,2020-10-31 18:36:40,56.52,64.63,34.34,89,100,8.05
255,Stornoway,GB,2020-10-31 18:36:41,58.21,-6.39,46.99,87,100,42.5
256,Chandbali,IN,2020-10-31 18:36:41,20.78,86.77,76.35,77,100,6.11
257,Chuy,UY,2020-10-31 18:36:41,-33.7,-53.46,63.81,63,12,9.62
258,Aykhal,RU,2020-10-31 18:36:42,66.0,111.5,1.4,91,0,2.24
259,Gigmoto,PH,2020-10-31 18:36:42,13.78,124.39,80.29,87,100,82.03
260,Xining,CN,2020-10-31 18:36:43,36.62,101.77,34.39,78,100,1.05
261,Tsabong,BW,2020-10-31 18:36:43,-26.02,22.4,75.16,49,96,3.74
262,Cartagena,CO,2020-10-31 18:36:43,10.4,-75.51,82.4,83,75,9.17
263,Tigil,RU,2020-10-31 18:36:44,57.8,158.67,32.74,89,100,3.78
264,Nara,JP,2020-10-31 18:36:44,34.69,135.8,53.01,59,63,2.73
265,Inuvik,CA,2020-10-31 18:36:44,68.35,-133.72,-0.4,84,81,3.36
266,Bendigo,AU,2020-10-31 18:36:45,-36.77,144.28,50.0,56,0,6.96
267,Bentiu,SS,2020-10-31 18:36:45,9.23,29.83,80.82,60,65,2.91
268,Calvinia,ZA,2020-10-31 18:36:45,-31.47,19.78,67.6,22,0,8.41
269,Port Alfred,ZA,2020-10-31 18:36:35,-33.59,26.89,64.99,76,84,15.43
270,Golyshmanovo,RU,2020-10-31 18:36:46,56.4,68.37,33.62,92,100,11.1
271,Ostrovnoy,RU,2020-10-31 18:36:46,68.05,39.51,26.74,95,1,13.13
272,Rockhampton,AU,2020-10-31 18:36:46,-23.38,150.5,73.4,83,75,4.7
273,Sayyan,YE,2020-10-31 18:36:47,15.17,44.32,54.03,38,0,5.08
274,Kijang,KR,2020-10-31 18:33:48,35.24,129.21,51.8,81,0,4.7
275,Bani,DO,2020-10-31 18:36:47,18.28,-70.33,89.6,75,75,12.3
276,Genhe,CN,2020-10-31 18:36:48,50.78,121.52,21.7,95,100,7.52
277,Yelniki,RU,2020-10-31 18:36:48,54.62,43.88,39.87,94,52,7.07
278,Logstor,DK,2020-10-31 18:36:48,56.96,9.26,53.01,96,100,4.0
279,Tiksi,RU,2020-10-31 18:36:49,71.69,128.87,0.86,92,79,4.83
280,Pisco,PE,2020-10-31 18:33:00,-13.7,-76.22,69.8,73,0,6.93
281,Saint-Pierre,RE,2020-10-31 18:36:49,-21.34,55.48,68.0,64,40,6.93
282,San Vicente,AR,2020-10-31 18:36:49,-26.62,-54.13,78.26,40,50,4.32
283,Shumerlya,RU,2020-10-31 18:36:50,55.5,46.41,40.42,92,100,3.24
284,Sur,OM,2020-10-31 18:36:50,22.57,59.53,70.63,57,0,1.01
285,Bluff,NZ,2020-10-31 18:32:56,-46.6,168.33,48.99,77,86,5.01
286,Sao Filipe,CV,2020-10-31 18:36:49,14.9,-24.5,80.82,64,97,15.88
287,Shcheglovo,RU,2020-10-31 18:36:51,60.03,30.75,39.99,92,18,3.78
288,Kjopsvik,NO,2020-10-31 18:36:52,68.1,16.37,39.99,86,40,10.29
289,Ixtapa,MX,2020-10-31 18:33:29,20.7,-105.2,86.0,66,5,8.05
290,Souillac,MU,2020-10-31 18:33:02,-20.52,57.52,68.0,77,20,6.93
291,Port Macquarie,AU,2020-10-31 18:33:09,-31.43,152.92,59.0,94,0,5.17
292,Cam Ranh,VN,2020-10-31 18:36:53,11.92,109.16,82.4,83,40,16.11
293,Longyearbyen,SJ,2020-10-31 18:36:53,78.22,15.64,23.0,73,75,5.82
294,Goderich,CA,2020-10-31 18:36:53,43.75,-81.72,44.6,56,2,13.87
295,Tucuman,AR,2020-10-31 18:36:53,-26.82,-65.22,82.4,24,0,10.29
296,Iralaya,HN,2020-10-31 18:36:54,15.0,-83.23,85.06,71,97,11.81
297,Puerto Ayacucho,VE,2020-10-31 18:33:11,5.66,-67.62,86.13,70,97,2.98
298,Mayo,US,2020-10-31 18:36:54,38.89,-76.51,48.99,70,90,8.05
299,Saint Pete Beach,US,2020-10-31 18:36:54,27.73,-82.74,84.0,65,1,10.29
300,Coihaique,CL,2020-10-31 18:32:49,-45.58,-72.07,73.4,31,0,5.82
301,Joensuu,FI,2020-10-31 18:36:55,62.6,29.76,30.99,86,90,5.82
302,Tasiilaq,GL,2020-10-31 18:36:55,65.61,-37.64,33.8,86,75,2.24
303,Solnechnyy,RU,2020-10-31 18:36:55,50.72,136.63,33.85,92,100,5.37
304,Atambua,ID,2020-10-31 18:36:56,-9.11,124.89,75.07,79,46,3.69
305,Shirokiy,RU,2020-10-31 18:36:56,49.76,129.52,39.13,85,100,13.53
306,Gweta,BW,2020-10-31 18:36:56,-20.18,25.23,85.59,19,0,18.5
307,Chegdomyn,RU,2020-10-31 18:36:57,51.12,133.02,33.12,93,100,3.76
308,Port Blair,IN,2020-10-31 18:36:57,11.67,92.75,79.99,82,0,7.49
309,Lichinga,MZ,2020-10-31 18:36:57,-13.31,35.24,73.4,53,75,6.93
310,Atar,MR,2020-10-31 18:34:34,20.52,-13.05,91.36,13,0,9.69
311,Lincoln,US,2020-10-31 18:33:06,40.8,-96.67,64.0,42,1,11.41
312,Graaff-Reinet,ZA,2020-10-31 18:36:59,-32.25,24.53,61.0,72,27,4.0
313,Tarakan,ID,2020-10-31 18:36:59,3.3,117.63,79.5,79,100,9.33
314,Kirkenaer,NO,2020-10-31 18:36:59,60.46,12.06,44.6,100,75,5.82
315,Nemuro,JP,2020-10-31 18:36:59,43.32,145.57,48.04,68,98,6.85
316,Tiznit,MA,2020-10-31 18:37:00,29.58,-9.5,72.32,24,0,0.98
317,Roald,NO,2020-10-31 18:37:00,62.58,6.13,53.6,58,0,14.99
318,Mlonggo,ID,2020-10-31 18:37:00,-6.53,110.7,77.22,87,100,5.7
319,Shingu,JP,2020-10-31 18:37:00,33.73,135.98,58.3,67,97,6.26
320,Kifri,IQ,2020-10-31 18:37:01,34.7,44.97,70.48,21,84,8.19
321,Kropotkin,RU,2020-10-31 18:37:01,45.44,40.58,60.89,68,100,10.49
322,Linxia,CN,2020-10-31 18:37:01,35.6,103.21,39.27,69,100,2.93
323,Kambove,CD,2020-10-31 18:37:02,-10.88,26.6,68.92,39,0,1.28
324,Thanh Hoa,VN,2020-10-31 18:37:02,19.8,105.77,70.05,94,20,3.36
325,Ammon,US,2020-10-31 18:37:02,43.47,-111.97,50.0,52,1,13.87
326,Cefalu,IT,2020-10-31 18:37:03,38.04,14.02,62.01,81,0,1.99
327,Dubai,AE,2020-10-31 18:35:07,25.26,55.3,80.6,74,0,6.93
328,Segezha,RU,2020-10-31 18:37:03,63.74,34.32,31.66,94,0,8.16
329,Kuching,MY,2020-10-31 18:37:04,1.55,110.33,77.0,94,20,2.28
330,Nishihara,JP,2020-10-31 18:37:04,26.18,127.76,73.4,69,75,12.75
331,Machico,PT,2020-10-31 18:37:04,32.7,-16.77,69.8,83,20,11.41
332,Anadyr,RU,2020-10-31 18:37:05,64.75,177.48,5.0,84,75,8.95
333,Faya,SA,2020-10-31 18:37:05,18.39,42.45,64.4,77,0,1.86
334,Mbulu,TZ,2020-10-31 18:37:05,-3.85,35.53,62.92,62,5,15.86
335,Coos Bay,US,2020-10-31 18:37:06,43.37,-124.22,63.0,71,1,4.7
336,Touros,BR,2020-10-31 18:37:06,-5.2,-35.46,86.0,62,40,16.11
337,Gornopravdinsk,RU,2020-10-31 18:36:42,60.05,69.9,34.66,96,100,7.61
338,Mersing,MY,2020-10-31 18:37:07,2.43,103.84,75.2,94,69,4.7
339,Sena Madureira,BR,2020-10-31 18:37:07,-9.07,-68.66,70.66,93,100,2.68
340,Quatre Cocos,MU,2020-10-31 18:37:07,-20.21,57.76,68.0,77,20,6.93
341,Ayan,RU,2020-10-31 18:37:08,56.45,138.17,26.64,88,100,9.98
342,Wamba,NG,2020-10-31 18:37:09,8.93,8.6,77.54,47,1,1.36
343,Nouadhibou,MR,2020-10-31 18:34:37,20.93,-17.03,69.8,77,98,14.99
344,Shache,CN,2020-10-31 18:37:09,38.42,77.24,34.56,75,0,3.09
345,Greenville,US,2020-10-31 18:37:10,35.61,-77.37,62.6,48,40,9.17
346,Zhigansk,RU,2020-10-31 18:37:10,66.77,123.37,-7.29,90,100,2.77
347,Wageningen,NL,2020-10-31 18:37:11,51.97,5.67,57.0,93,75,10.29
348,Porto Tolle,IT,2020-10-31 18:37:11,44.95,12.32,55.4,93,100,1.12
349,Zaragoza,ES,2020-10-31 18:32:43,41.66,-0.88,66.99,63,0,8.05
350,Male,MV,2020-10-31 18:33:35,4.17,73.51,84.2,79,20,2.24
351,Rundu,NA,2020-10-31 18:37:12,-17.93,19.77,81.09,22,5,2.57
352,Kontagora,NG,2020-10-31 18:37:12,10.4,5.47,79.45,34,1,1.1
353,Lasa,IT,2020-10-31 18:37:12,46.62,10.7,48.0,40,0,4.7
354,San Antonio Suchitepequez,GT,2020-10-31 18:37:12,14.53,-91.42,89.6,55,20,4.7
355,Lorengau,PG,2020-10-31 18:33:00,-2.02,147.27,81.18,77,8,6.17
356,Vallenar,CL,2020-10-31 18:37:13,-28.57,-70.76,83.17,21,0,8.81
357,Koupela,BF,2020-10-31 18:37:13,12.18,-0.35,87.6,18,0,9.66
358,Achi,CO,2020-10-31 18:37:14,8.57,-74.55,87.87,60,94,2.75
359,Sorland,NO,2020-10-31 18:37:14,67.67,12.69,46.89,74,100,15.64
360,Kamarion,GR,2020-10-31 18:37:14,36.8,25.82,64.4,63,20,10.29
361,Evanston,US,2020-10-31 18:35:10,42.04,-87.69,55.99,46,1,20.8
362,Komsomolskiy,UZ,2020-10-31 18:34:00,40.43,71.72,42.8,38,0,6.93
363,Shaki,AZ,2020-10-31 18:37:15,41.08,47.17,59.0,87,40,5.82
364,Hamilton,US,2020-10-31 18:37:15,39.18,-84.53,55.99,50,1,9.17
365,Nijar,ES,2020-10-31 18:37:16,36.97,-2.21,64.4,77,20,3.13
366,Cayenne,GF,2020-10-31 18:33:19,4.93,-52.33,89.6,62,100,12.75
367,Baykit,RU,2020-10-31 18:37:16,61.67,96.37,0.77,89,59,2.57
368,Sola,VU,2020-10-31 18:37:17,-13.88,167.55,82.4,83,75,9.17
369,Saint-Augustin,CA,2020-10-31 18:34:54,51.23,-58.65,33.15,72,0,13.8
370,Kurchum,KZ,2020-10-31 18:37:17,48.57,83.65,33.44,88,0,3.78
371,Novoagansk,RU,2020-10-31 18:37:18,61.94,76.66,31.06,98,100,11.86
372,Ukiah,US,2020-10-31 18:37:18,39.15,-123.21,73.99,34,1,2.89
373,Presidencia Roque Saenz Pena,AR,2020-10-31 18:37:19,-26.79,-60.44,84.99,22,0,4.0
374,Bafq,IR,2020-10-31 18:37:19,31.61,55.41,55.81,35,0,1.28
375,Providencia,MX,2020-10-31 18:37:19,28.72,-111.58,84.99,31,100,1.01
376,Belle Fourche,US,2020-10-31 18:37:20,44.67,-103.85,46.0,56,90,13.87
377,Geraldton,AU,2020-10-31 18:37:20,-28.77,114.6,66.2,77,40,11.41
378,Cheney,US,2020-10-31 18:34:44,47.49,-117.58,46.0,63,20,9.17
379,Araouane,ML,2020-10-31 18:37:20,18.9,-3.53,88.36,12,100,7.09
380,At-Bashi,KG,2020-10-31 18:37:21,41.17,75.81,28.74,60,0,4.54
381,Sinnamary,GF,2020-10-31 18:32:50,5.38,-52.95,85.75,67,100,13.67
382,Jalu,LY,2020-10-31 18:37:21,29.03,21.55,68.04,48,50,5.95
383,Malanje,AO,2020-10-31 18:37:21,-9.54,16.34,68.13,88,75,2.44
384,Martapura,ID,2020-10-31 18:37:22,-3.42,114.85,75.11,95,88,2.15
385,Grand Gaube,MU,2020-10-31 18:36:42,-20.01,57.66,64.99,76,13,3.0
386,Noumea,NC,2020-10-31 18:37:22,-22.28,166.46,71.6,68,0,8.05
387,Charters Towers,AU,2020-10-31 18:37:23,-20.1,146.27,69.89,90,0,2.51
388,Olafsvik,IS,2020-10-31 18:37:23,64.89,-23.71,43.57,77,15,7.92
389,Assare,BR,2020-10-31 18:37:23,-6.87,-39.88,95.76,24,99,6.96
390,Tono,JP,2020-10-31 18:37:24,39.32,141.53,42.48,84,100,2.19
391,Yenotayevka,RU,2020-10-31 18:37:24,47.25,47.03,46.0,99,3,7.78
392,Kiama,AU,2020-10-31 18:37:24,-34.68,150.87,61.0,94,100,3.0
393,Porto Novo,BJ,2020-10-31 18:37:25,6.5,2.6,82.4,83,40,10.29
394,San Quintin,MX,2020-10-31 18:36:46,30.48,-115.95,75.74,39,97,6.22
395,Muriwai Beach,NZ,2020-10-31 18:37:26,-36.82,174.45,61.0,88,59,7.9
396,Maryborough,AU,2020-10-31 18:37:26,-25.53,152.7,75.99,82,0,4.0
397,Prado,BR,2020-10-31 18:37:26,-17.34,-39.22,73.63,94,100,1.74
398,Amahai,ID,2020-10-31 18:37:27,-3.33,128.92,81.0,87,34,1.01
399,Opuwo,NA,2020-10-31 18:37:28,-18.06,13.84,75.11,50,98,4.74
400,Haapiti,PF,2020-10-31 18:37:28,-17.57,-149.87,82.4,65,20,4.7
401,Ponta Delgada,PT,2020-10-31 18:37:28,37.73,-25.67,69.8,94,75,17.22
402,La Palma,US,2020-10-31 18:34:23,33.85,-118.05,75.99,46,1,3.36
403,Miri,MY,2020-10-31 18:37:29,4.41,114.01,75.2,100,40,3.36
404,Laguna,US,2020-10-31 18:36:23,38.42,-121.42,68.0,45,1,4.23
405,Yumen,CN,2020-10-31 18:36:20,40.28,97.2,34.09,67,46,12.66
406,Khvoynaya,RU,2020-10-31 18:37:29,58.9,34.53,38.14,88,68,5.14
407,Punta Cardon,VE,2020-10-31 18:37:30,11.66,-70.22,85.48,67,100,5.93
408,Broken Hill,AU,2020-10-31 18:37:30,-31.95,141.43,51.8,87,0,8.05
409,Lagoa,PT,2020-10-31 18:37:30,39.05,-27.98,68.83,92,71,23.87
410,Starodub,RU,2020-10-31 18:37:31,52.58,32.76,46.27,85,100,16.11
411,Kupang,ID,2020-10-31 18:33:04,-10.17,123.58,79.68,76,99,3.87
412,Flinders,AU,2020-10-31 18:37:23,-34.58,150.86,61.0,89,100,7.0
413,Mogadishu,SO,2020-10-31 18:32:54,2.04,45.34,80.35,80,20,12.68
414,Santander,ES,2020-10-31 18:37:32,43.46,-3.8,71.6,53,0,4.7
415,Burnie,AU,2020-10-31 18:37:32,-41.07,145.92,46.0,77,0,4.0
416,Mashpee,US,2020-10-31 18:37:32,41.65,-70.48,48.2,49,1,4.7
417,Moose Factory,CA,2020-10-31 18:37:33,51.26,-80.61,37.4,69,20,16.11
418,Bousso,TD,2020-10-31 18:37:33,10.48,16.71,87.13,35,18,0.18
419,Emerald,AU,2020-10-31 18:37:33,-23.53,148.17,62.6,48,0,9.86
420,Toppenish,US,2020-10-31 18:37:33,46.38,-120.31,50.0,42,1,1.57
421,Morro Bay,US,2020-10-31 18:33:59,35.37,-120.85,82.0,27,1,5.37
422,Kochinda,IN,2020-10-31 18:37:34,21.73,84.35,70.61,70,38,1.05
423,Paulo Afonso,BR,2020-10-31 18:35:03,-9.41,-38.21,93.88,32,96,9.62
424,Ocosingo,MX,2020-10-31 18:37:34,17.07,-92.25,75.2,94,90,2.95
425,Aswan,EG,2020-10-31 18:37:35,24.09,32.91,79.36,34,0,11.27
426,Kavieng,PG,2020-10-31 18:37:04,-2.57,150.8,82.89,77,40,10.6
427,Elat,IL,2020-10-31 18:37:35,29.56,34.95,80.6,57,0,6.93
428,Nanchang,CN,2020-10-31 18:37:36,28.68,115.88,61.2,81,100,7.09
429,Hervey Bay,AU,2020-10-31 18:33:43,-25.3,152.85,75.99,82,0,4.0
430,Bilibino,RU,2020-10-31 18:37:36,68.05,166.44,-1.14,84,76,2.55
431,Ylivieska,FI,2020-10-31 18:37:36,64.08,24.55,42.01,97,89,3.0
432,Hasaki,JP,2020-10-31 18:33:16,35.73,140.83,42.8,93,20,4.7
433,San Marcos,US,2020-10-31 18:37:37,33.14,-117.17,84.0,33,1,3.78
434,Naberera,TZ,2020-10-31 18:37:37,-4.2,36.93,64.27,80,0,11.72
435,Cairns,AU,2020-10-31 18:35:19,-16.92,145.77,70.0,94,40,3.56
436,East London,ZA,2020-10-31 18:32:58,-33.02,27.91,64.4,72,20,6.93
437,Takeo,KH,2020-10-31 18:37:38,10.92,104.83,80.6,94,40,4.7
438,Port Lincoln,AU,2020-10-31 18:33:33,-34.73,135.87,53.8,87,2,11.83
439,Vedasandur,IN,2020-10-31 18:37:38,10.53,77.95,76.55,70,91,1.66
440,Meridian,US,2020-10-31 18:35:01,43.61,-116.39,51.01,52,1,5.82
441,Manokwari,ID,2020-10-31 18:37:39,-0.87,134.08,80.53,73,100,4.38
442,Gamut,PH,2020-10-31 18:37:39,8.53,126.24,74.17,94,100,5.39
443,Kununurra,AU,2020-10-31 18:36:06,-15.77,128.73,78.8,83,52,1.12
444,Vigeland,NO,2020-10-31 18:37:40,58.08,7.3,53.01,89,100,8.99
445,Mbandaka,CD,2020-10-31 18:37:40,0.05,18.26,73.94,91,62,0.76
446,Narsaq,GL,2020-10-31 18:33:23,60.92,-46.05,28.4,74,40,1.48
447,Kushiro,JP,2020-10-31 18:37:40,42.98,144.37,41.79,83,87,3.67
448,Riyadh,SA,2020-10-31 18:34:34,24.69,46.72,71.6,40,0,2.24
449,Meulaboh,ID,2020-10-31 18:37:41,4.14,96.13,77.97,84,98,4.27
450,Dakar,SN,2020-10-31 18:35:51,14.69,-17.44,80.6,83,0,18.34
451,Tabas,IR,2020-10-31 18:37:41,33.6,56.92,62.6,18,0,4.7
452,Bonavista,CA,2020-10-31 18:37:42,48.65,-53.11,36.0,69,100,6.93
453,Asau,RO,2020-10-31 18:33:46,46.43,26.4,42.01,86,78,4.09
454,Beihai,CN,2020-10-31 18:37:42,21.48,109.1,74.14,86,12,7.43
455,Ouadda,CF,2020-10-31 18:37:42,8.08,22.4,69.93,87,41,0.98
456,Lora Del Rio,ES,2020-10-31 18:37:43,37.66,-5.53,73.99,56,0,1.12
457,Nhamunda,BR,2020-10-31 18:37:43,-2.19,-56.71,100.63,24,42,6.42
458,Riachao Das Neves,BR,2020-10-31 18:37:43,-11.75,-44.91,74.79,86,100,5.06
459,Talnakh,RU,2020-10-31 18:33:03,69.49,88.4,19.4,92,90,35.79
460,Gamba,GA,2020-10-31 18:36:36,-2.65,10.0,77.29,89,99,6.67
461,Jijiga,ET,2020-10-31 18:37:44,9.35,42.8,61.41,88,18,6.58
462,Colac,AU,2020-10-31 18:37:44,-38.33,143.58,46.99,94,100,0.16
463,Borogontsy,RU,2020-10-31 18:37:45,62.67,131.17,-13.5,89,48,2.75
464,Vostok,RU,2020-10-31 18:37:45,46.49,135.88,34.34,95,100,5.21
465,Shakawe,BW,2020-10-31 18:37:45,-18.37,21.85,82.15,16,93,3.27
466,Alofi,NU,2020-10-31 18:37:45,-19.06,-169.92,73.4,94,86,13.87
467,Menongue,AO,2020-10-31 18:36:44,-14.66,17.69,70.54,59,55,7.56
468,Nhulunbuy,AU,2020-10-31 18:37:46,-12.23,136.77,75.2,83,0,8.3
469,Plettenberg Bay,ZA,2020-10-31 18:33:23,-34.05,23.37,59.45,82,15,7.78
470,Alice,US,2020-10-31 18:37:47,27.75,-98.07,77.0,44,1,5.82
471,Chaohu,CN,2020-10-31 18:37:47,31.6,117.87,63.0,77,0,2.24
472,Vila Franca Do Campo,PT,2020-10-31 18:33:17,37.72,-25.43,69.8,94,75,17.22
473,Salmon Creek,US,2020-10-31 18:37:47,45.71,-122.65,52.0,75,20,5.82
474,Buala,SB,2020-10-31 18:37:48,-8.14,159.59,79.88,75,56,3.62
475,Paredon,MX,2020-10-31 18:37:48,16.03,-93.87,86.34,56,98,16.73
476,Half Moon Bay,US,2020-10-31 18:37:48,37.46,-122.43,68.0,82,5,4.0
477,Dingzhou,CN,2020-10-31 18:37:48,38.51,115.0,53.6,32,0,4.47
478,Mackay,AU,2020-10-31 18:37:49,-21.15,149.2,69.8,88,0,3.36
479,Alenquer,BR,2020-10-31 18:34:11,-1.94,-54.74,93.2,46,0,11.41
480,Fereydun Kenar,IR,2020-10-31 18:37:49,36.69,52.52,62.6,88,0,2.24
481,Camacupa,AO,2020-10-31 18:37:49,-12.02,17.48,65.79,82,100,3.76
482,Vila Do Maio,CV,2020-10-31 18:37:50,15.13,-23.22,80.6,69,75,25.28
483,Balkanabat,TM,2020-10-31 18:37:50,39.51,54.37,67.78,24,2,6.24
484,Port Moresby,PG,2020-10-31 18:37:50,-9.44,147.18,77.0,94,75,4.7
485,Makakilo City,US,2020-10-31 18:36:37,21.35,-158.09,77.0,78,1,3.36
486,Guadalupe Y Calvo,MX,2020-10-31 18:37:51,26.1,-106.97,73.45,29,8,5.32
487,Dharmanagar,IN,2020-10-31 18:37:52,24.37,92.17,73.22,97,98,3.74
488,Tigzirt,DZ,2020-10-31 18:36:54,36.89,4.12,65.48,69,58,6.69
489,Kangasala,FI,2020-10-31 18:37:53,61.46,24.08,45.0,100,90,6.93
490,Safaga,EG,2020-10-31 18:37:53,26.73,33.94,78.8,65,0,3.36
491,Kudahuvadhoo,MV,2020-10-31 18:37:11,2.67,72.89,83.08,72,81,6.35
492,Shellbrook,CA,2020-10-31 18:37:54,53.22,-106.4,23.0,79,90,13.87
493,Yulara,AU,2020-10-31 18:33:16,-25.24,130.99,66.2,25,0,6.93
494,Yinchuan,CN,2020-10-31 18:37:55,38.47,106.27,44.19,47,100,2.55
495,Aksu,CN,2020-10-31 18:37:55,41.12,80.26,41.31,60,0,1.77
496,Manado,ID,2020-10-31 18:37:55,1.49,124.85,77.0,94,20,1.12
497,Acatlan,MX,2020-10-31 18:37:55,20.15,-98.45,67.01,47,100,6.8
498,Damghan,IR,2020-10-31 18:37:56,36.17,54.35,58.19,34,0,2.06
499,Xinpu,CN,2020-10-31 18:37:56,34.6,119.16,59.9,59,100,2.73
500,Jaisinghnagar,IN,2020-10-31 18:37:56,23.7,81.38,64.06,45,0,1.81
501,Beloha,MG,2020-10-31 18:37:57,-25.17,45.05,68.05,74,0,11.21
502,Egvekinot,RU,2020-10-31 18:37:57,66.32,-179.17,12.63,81,1,4.27
503,College,US,2020-10-31 18:37:57,64.86,-147.8,8.01,77,90,2.13
504,Taremskoye,RU,2020-10-31 18:37:57,55.93,43.04,37.0,100,75,2.24
505,Otorohanga,NZ,2020-10-31 18:37:58,-38.18,175.2,60.01,90,53,1.99
506,Lavrentiya,RU,2020-10-31 18:37:58,65.58,-171.0,19.83,92,40,7.81
507,Kangaba,ML,2020-10-31 18:37:58,11.93,-8.42,81.5,32,5,2.1
508,Waddan,LY,2020-10-31 18:37:59,29.16,16.14,66.99,58,72,10.83
509,Sal Rei,CV,2020-10-31 18:37:59,16.18,-22.92,80.6,69,75,18.34
510,Vila Velha,BR,2020-10-31 18:37:59,-20.33,-40.29,73.4,88,90,5.82
511,Gravelbourg,CA,2020-10-31 18:37:59,49.88,-106.55,33.8,59,0,32.21
512,Shubarshi,KZ,2020-10-31 18:33:24,48.59,57.19,46.81,47,100,10.96
513,Panaba,MX,2020-10-31 18:38:00,21.28,-88.27,80.49,86,89,11.86
514,Lupiro,TZ,2020-10-31 18:38:00,-8.38,36.67,80.06,55,43,6.85
515,Niimi,JP,2020-10-31 18:34:45,34.98,133.47,45.0,95,0,3.0
516,Kurikka,FI,2020-10-31 18:38:01,62.62,22.42,44.01,100,90,6.93
517,Kutulik,RU,2020-10-31 18:38:01,53.35,102.78,16.41,89,0,10.45
518,De Aar,ZA,2020-10-31 18:38:01,-30.65,24.01,62.58,59,73,12.64
519,Morehead,US,2020-10-31 18:38:01,37.27,-87.18,64.4,31,1,9.17
520,Tarko-Sale,RU,2020-10-31 18:38:02,64.92,77.78,28.8,98,100,16.06
521,Viedma,AR,2020-10-31 18:38:02,-40.81,-63.0,84.99,20,0,8.99
522,Siaya,KE,2020-10-31 18:38:02,0.06,34.29,66.6,88,100,4.81
523,Wahiawa,US,2020-10-31 18:38:03,21.5,-158.02,77.0,100,1,2.46
524,Katete,UG,2020-10-31 18:38:03,-0.78,29.75,62.2,99,100,1.86
525,Mount Isa,AU,2020-10-31 18:33:52,-20.73,139.5,71.6,24,0,9.17
526,Guozhen,CN,2020-10-31 18:38:04,34.37,107.36,53.35,41,98,2.15
527,Oume,JP,2020-10-31 18:34:05,35.78,139.24,46.4,81,1,3.36
528,Moron,AR,2020-10-31 18:38:05,-34.65,-58.62,77.0,23,0,3.0
529,Puerto Escondido,MX,2020-10-31 18:38:05,15.85,-97.07,86.0,74,5,5.82
530,Itabera,BR,2020-10-31 18:38:05,-23.86,-49.14,65.53,68,92,14.23
531,Dicabisagan,PH,2020-10-31 18:38:06,17.08,122.42,75.58,86,100,14.16
532,Lokoja,NG,2020-10-31 18:38:06,7.8,6.74,82.15,52,15,2.66
533,Jacqueville,CI,2020-10-31 18:38:07,5.21,-4.41,82.4,78,20,5.82
534,Zabid,YE,2020-10-31 18:38:07,14.2,43.32,83.64,56,0,8.95
535,Pleasanton,US,2020-10-31 18:37:05,37.66,-121.87,73.99,39,1,4.7
536,Kirkland Lake,CA,2020-10-31 18:38:09,48.14,-80.04,35.6,51,100,13.89
537,Fougamou,GA,2020-10-31 18:38:09,-1.22,10.58,74.5,90,100,1.59
538,Tonj,SS,2020-10-31 18:38:10,7.27,28.68,76.41,79,23,2.37
539,Yenagoa,NG,2020-10-31 18:38:10,4.92,6.26,77.31,90,100,5.26
540,Salalah,OM,2020-10-31 18:37:25,17.02,54.09,77.0,31,0,3.36
541,Reconquista,AR,2020-10-31 18:38:11,-29.15,-59.65,77.41,40,0,9.93
542,Ampanihy,MG,2020-10-31 18:38:11,-24.7,44.75,72.3,58,0,8.81
543,Chara,RU,2020-10-31 18:34:34,56.91,118.26,8.73,89,100,3.29
544,Kosino,RU,2020-10-31 18:38:12,58.41,51.28,35.28,91,24,9.22
545,Maragogi,BR,2020-10-31 18:34:43,-9.01,-35.22,80.31,77,100,10.69
546,Caravelas,BR,2020-10-31 18:34:17,-17.71,-39.25,72.95,97,100,2.8
547,Malakal,SS,2020-10-31 18:38:13,9.53,31.66,79.02,65,25,4.56
548,Velyka Mykhaylivka,UA,2020-10-31 18:38:13,47.08,29.85,48.96,71,96,11.45
549,Khiri Mat,TH,2020-10-31 18:38:14,16.83,99.8,74.86,90,92,3.42
550,Belaya Gora,RU,2020-10-31 18:38:14,68.53,146.42,-9.33,91,96,5.1
551,Warmbad,NA,2020-10-31 18:38:14,-28.45,18.73,76.64,18,0,16.06
552,Bedesa,ET,2020-10-31 18:38:15,8.9,40.78,60.48,84,27,2.62
553,Mezen,RU,2020-10-31 18:38:15,65.85,44.24,30.27,97,1,6.35
554,Lata,PT,2020-10-31 18:38:09,40.16,-8.33,64.0,86,4,1.21
555,Tukrah,LY,2020-10-31 18:38:16,32.53,20.58,69.78,64,66,11.88
556,Deputatskiy,RU,2020-10-31 18:33:29,69.3,139.9,-10.23,90,73,4.99
557,Mae Sai,TH,2020-10-31 18:38:16,20.43,99.88,73.99,100,40,2.24
558,Abrau-Dyurso,RU,2020-10-31 18:38:17,44.69,37.59,53.6,81,100,4.47
559,Kindu,CD,2020-10-31 18:38:17,-2.95,25.95,70.77,86,45,1.03
560,North Bend,US,2020-10-31 18:38:13,43.41,-124.22,63.0,71,1,4.7
561,Naryan-Mar,RU,2020-10-31 18:38:18,67.67,53.09,33.51,93,94,15.73
562,Chama,CH,2020-10-31 18:38:18,47.18,8.46,46.99,100,40,3.94
563,Koungheul,SN,2020-10-31 18:38:19,13.98,-14.8,88.84,21,100,5.39
564,Hualmay,PE,2020-10-31 18:38:19,-11.1,-77.61,68.85,67,74,10.16
565,Neuquen,AR,2020-10-31 18:34:43,-38.95,-68.06,86.0,19,0,11.41
566,Mnogovershinnyy,RU,2020-10-31 18:38:19,53.94,139.92,29.66,96,100,2.93
567,Flin Flon,CA,2020-10-31 18:37:26,54.77,-101.86,19.4,73,75,20.8
568,Padang,ID,2020-10-31 18:35:09,-0.95,100.35,77.68,76,100,4.09
569,Tamandare,BR,2020-10-31 18:38:20,-8.76,-35.1,80.8,75,100,9.84
570,Japura,ID,2020-10-31 18:38:21,-0.32,102.35,74.79,96,100,1.45
571,Shiyan,CN,2020-10-31 18:38:21,32.65,110.78,59.56,63,100,3.02
572,Santa Barbara,US,2020-10-31 18:38:21,34.73,-120.03,75.0,39,1,3.18
573,Guiyang,CN,2020-10-31 18:38:22,26.58,106.72,55.4,100,90,8.95
574,Henties Bay,NA,2020-10-31 18:33:51,-22.12,14.28,57.0,88,98,5.01
